<?xml version="1.0" encoding="UTF-8" standalone="yes"?>
<addon id="plugin.video.allocine"
       name="Allociné"
       version="2.0b6"
       provider-name="Fanck">
  <requires>
    <import addon="xbmc.python" version="1.0"/>
  </requires>
  <extension point="xbmc.python.pluginsource"
             library="allocine.py">
    <provides>video</provides>
  </extension>
  <extension point="xbmc.addon.metadata">
    <summary>Plugin vidéo d'émissions et de bandes annonces</summary>
    <description>Plugin vidéo Allociné
[B]Contenu:[/B]
 - [B]Émissions TV[/B] - Retrouver l'intégralité des émissions d'Allociné.
 - [B]Bandes Annonces[/B] - Bandes annonces des films en salle ou à venir.
 - [B]Séries[/B] - Bandes annonces et extraits d'épisode de série.
 - [B]Interviews[/B] - Interviews de star.
[CR]
    </description>
    <platform>all</platform>
  </extension>
</addon>
